{"PowerOff":{"Frame0":[1991.0,74.0,2649,0],"Frame1":[1327.0,74.0,1985.0,0.0],"Frame2":[666.0,74.0,1324.0,0.0],"Frame3":[1.0,74.0,659.0,0.0],"NumFrames":4,"Repeating":false,"SecsPerFrame":0.10000000149011612},"PowerOn":{"Frame0":[1.0,74.0,659.0,0.0],"Frame1":[666.0,74.0,1324.0,0.0],"Frame2":[1327.0,74.0,1985.0,0.0],"Frame3":[1991.0,74.0,2649.0,0.0],"NumFrames":4,"Repeating":false,"SecsPerFrame":0.10000000149011612}}