{"PowerOff":{"Frame0":[2136.0,104.0,2844.0,1.0],"Frame1":[1422.0,104.0,2131.0,1.0],"Frame2":[708.0,104.0,1417.0,1.0],"Frame3":[1.0,104.0,708.0,1.0],"NumFrames":4,"Repeating":false,"SecsPerFrame":0.10000000149011612},"PowerOn":{"Frame0":[1.0,104.0,708.0,1.0],"Frame1":[708.0,104.0,1417.0,1.0],"Frame2":[1422.0,104.0,2131.0,1.0],"Frame3":[2136.0,104.0,2844.0,1.0],"NumFrames":4,"Repeating":false,"SecsPerFrame":0.10000000149011612}}